﻿"fullName","email","phoneNumber","idNumber","city","englishLevel","title","country","jobTitle","degree","graduationYear","willingToRelocate","canWorkRemotely","maritalStatus","status"
"m m m ","abo9@gmail.com","010 55555555","77777777","الرياض","ضعيف","سيد",,"مطوّر ويب","بكالوريوس الكيمياء","2024","بعد شهر","نعم","اعزب","تم الموافقة"
"Ahmed Rashad","ahmed@gmail.com","010 22222222","32323322","المدينة المنورة","متوسط","سيد",,"مهندس برمجيات","بكالوريوس الذكاء الاصطناعي","2020","بعد شهر","نعم","متزوج","تم الموافقة"
"angelo esam william","angelo@gmail.com","01093291144","1111111145214","اسيوط","جيد جدا","سيدة",,"مهندس برمجيات","بكالريوس","2023","فورا","نعم","اعزب","تحت المراجعة"
"wow wow wow","wow@gmail.com","01093291144","1111111145214","اسيوط","جيد جدا","سيدة",,"مهندس برمجيات","بكالريوس","2023","فورا","نعم","اعزب","تحت المراجعة"
"test test test","test@gmail.com","01093291144","1111111145214","اسيوط","جيد جدا","سيدة",,"مهندس برمجيات","بكالريوس","2023","فورا","نعم","اعزب","تحت المراجعة"